tool,throughput,mem
r2u2_c,4784685.167464115,1120.0
hydra,7575751.515151515,52416.0
bvmon,27777688.888888888,1072.0
