tool,throughput,mem
r2u2_c,984251.7716535433,1120.0
hydra,1869154.3925233646,60384.0
bvmon,14705717.647058822,1072.0
