tool,throughput,mem
r2u2_c,2202640.528634361,1120.0
hydra,4672891.588785047,52416.0
bvmon,26315705.263157893,1072.0
