tool,throughput,mem
r2u2_c,744047.3214285715,1120.0
hydra,2074683.8174273858,69360.0
bvmon,9999824.0,1072.0
