tool,throughput,mem
r2u2_c,2967358.456973294,1120.0
hydra,6849313.698630137,56208.0
bvmon,19230707.692307692,1072.0
