tool,throughput,mem
r2u2_c,4520792.94755877,1168.0
r2u2_rust,2139676.908592948,1831.04
hydra,7654618.799755051,52440.32
bvmon,26997753.779697616,1120.0
