tool,throughput,mem
r2u2_c,961316.4269783897,1168.0
r2u2_rust,1229588.5795789885,1939.2
hydra,1877999.1736778847,60392.32
bvmon,13888733.333333336,1120.0
