tool,throughput,mem
r2u2_c,2174668.580375783,1168.0
r2u2_rust,1791343.5081685288,1973.76
hydra,4708096.045197739,52442.88
bvmon,26150543.933054388,1120.0
