tool,throughput,mem
r2u2_c,771414.0027153788,1171.84
r2u2_rust,1274079.3497095099,1905.92
hydra,1922183.6075657392,69368.32
bvmon,10212238.5620915,1121.28
