tool,throughput,mem
r2u2_c,2853880.7077625575,1168.0
r2u2_rust,1506023.795180723,1864.32
hydra,6967668.617614269,56229.76
bvmon,18194992.72197962,1120.0
